{"cameraMode":{"drawMode":0,"name":"Shaded","section":"Shading Mode"},"sceneLighting":true,"audioPlay":false,"sceneViewState":{"showFog":true,"showMaterialUpdate":true,"showSkybox":true,"showFlares":true,"showImageEffects":true,"showParticleSystems":true},"in2DMode":false,"pivot":{"x":-0.47702813148498537,"y":0.8456120491027832,"z":0.40125274658203127},"rotation":{"x":0.01544762309640646,"y":-0.9776811003684998,"z":0.19462686777114869,"w":0.07759802788496018},"size":8.74758243560791,"orthographic":false}