{"cameraMode":{"drawMode":0,"name":"Shaded","section":"Shading Mode"},"sceneLighting":false,"audioPlay":false,"sceneViewState":{"showFog":true,"showMaterialUpdate":true,"showSkybox":false,"showFlares":true,"showImageEffects":true,"showParticleSystems":true},"in2DMode":false,"pivot":{"x":0.3178584575653076,"y":3.1597728729248049,"z":6.854214191436768},"rotation":{"x":0.19229646027088166,"y":-0.5577242970466614,"z":0.1347125917673111,"w":0.7961270213127136},"size":3.216078281402588,"orthographic":false}