{"cameraMode":{"drawMode":0,"name":"Shaded","section":"Shading Mode"},"sceneLighting":false,"audioPlay":false,"sceneViewState":{"showFog":true,"showMaterialUpdate":true,"showSkybox":false,"showFlares":true,"showImageEffects":true,"showParticleSystems":true},"in2DMode":false,"pivot":{"x":350.1188659667969,"y":2202.3359375,"z":2819.7490234375},"rotation":{"x":0.014328153803944588,"y":-0.9335469603538513,"z":0.35619494318962099,"w":0.03755201771855354},"size":-9.725898742675782,"orthographic":false}